{
  "project_info": {
    "project_number": "360524256734",
    "project_id": "my-trashbot-application",
    "storage_bucket": "my-trashbot-application.appspot.com"
  },
  "client": [
    {
      "client_info": {
        "mobilesdk_app_id": "1:360524256734:android:038309954b8a1b4487f94f",
        "android_client_info": {
          "package_name": "com.example.trashbotapp"
        }
      },
      "oauth_client": [
        {
          "client_id": "360524256734-qvf6knu6hukjnrkq0ni9frk2ht9cgrvo.apps.googleusercontent.com",
          "client_type": 1,
          "android_info": {
            "package_name": "com.example.trashbotapp",
            "certificate_hash": "6b76c0e1cc37f1da0af0ffb99d9be24c8200241e"
          }
        },
        {
          "client_id": "360524256734-jb9d6ba3vovcnlp4h47c04dkpo6psgfn.apps.googleusercontent.com",
          "client_type": 3
        }
      ],
      "api_key": [
        {
          "current_key": "AIzaSyBbYZOxNEsGx-x9LwQYlNmH36nSa7dDQ0c"
        }
      ],
      "services": {
        "appinvite_service": {
          "other_platform_oauth_client": [
            {
              "client_id": "360524256734-jb9d6ba3vovcnlp4h47c04dkpo6psgfn.apps.googleusercontent.com",
              "client_type": 3
            }
          ]
        }
      }
    }
  ],
  "configuration_version": "1"
}